name,team,GW,predicted_assists
Sávio 'Savinho' Moreira de Oliveira,Man City,31,0.5043339312734801
Kevin De Bruyne,Man City,31,0.5022402686071964
Mohamed Salah,Liverpool,31,0.41241507774790226
Curtis Jones,Liverpool,31,0.3999372739123299
Diogo Teixeira da Silva,Liverpool,31,0.3897870235909867
Antoine Semenyo,Bournemouth,31,0.3627994111313332
Dango Ouattara,Bournemouth,31,0.35283830769365965
Harry Wilson,Fulham,31,0.34884111751121594
Jacob Murphy,Newcastle,31,0.3268846264051896
Bruno Borges Fernandes,Man Utd,31,0.32596338380335216
Bruno Guimarães Rodriguez Moura,Newcastle,31,0.3257483349536353
Jarrod Bowen,West Ham,31,0.32383821980288846
Anthony Gordon,Newcastle,31,0.3227054970757014
Marcus Rashford,Man Utd,31,0.2933427277186321
Dejan Kulusevski,Spurs,31,0.2875576791801041
Harvey Barnes,Newcastle,31,0.2858379786126428
Brennan Johnson,Spurs,31,0.2794154069962904
Ismaïla Sarr,Crystal Palace,31,0.2776130824222153
Mikkel Damsgaard,Brentford,31,0.2615266361380486
Kevin Schade,Brentford,31,0.2601209672550879
Morgan Rogers,Aston Villa,31,0.25621910360481087
Anthony Elanga,Nott'm Forest,31,0.2532864022709883
Nicolas Jackson,Chelsea,31,0.24644801742024333
Dominic Solanke-Mitchell,Spurs,31,0.24577928448087188
Yoane Wissa,Brentford,31,0.21453812555345747
Ollie Watkins,Aston Villa,31,0.2060947630216331
Trent Alexander-Arnold,Liverpool,31,0.2003883216256633
Jamie Vardy,Leicester,31,0.1947122261295279
Antonee Robinson,Fulham,31,0.19294590980152806
João Pedro Junqueira de Jesus,Brighton,31,0.18357230899048724
Bryan Mbeumo,Brentford,31,0.1759449517474081
Milos Kerkez,Bournemouth,31,0.17426294532812456
Liam Delap,Ipswich,31,0.17338203655203074
Gabriel dos Santos Magalhães,Arsenal,31,0.1725429954228388
Andrew Robertson,Liverpool,31,0.1699916298606747
Matheus Santos Carneiro Da Cunha,Wolves,31,0.1664722643889901
Jurriën Timber,Arsenal,31,0.16632598595542195
Lewis Hall,Newcastle,31,0.1661528481610649
Aaron Wan-Bissaka,West Ham,31,0.15854997767720697
Diogo Dalot Teixeira,Man Utd,31,0.15017145326801887
Alexander Isak,Newcastle,31,0.1498871846651489
Dean Huijsen,Bournemouth,31,0.1488490998281215
Tyrick Mitchell,Crystal Palace,31,0.14425263872660063
Pedro Porro,Spurs,31,0.1434213774246677
Illia Zabarnyi,Bournemouth,31,0.13317300405281005
Maxence Lacroix,Crystal Palace,31,0.13316400749150661
Vitalii Mykolenko,Everton,31,0.12967015137341123
Lucas Digne,Aston Villa,31,0.12822335560571915
Marc Guéhi,Crystal Palace,31,0.12810706551580614
Neco Williams,Nott'm Forest,31,0.12751580391900955
Dan Burn,Newcastle,31,0.1267882371382221
Daniel Muñoz,Crystal Palace,31,0.12463250909729386
Fabian Schär,Newcastle,31,0.11898167695938831
Nathan Collins,Brentford,31,0.11611780684358218
James Tarkowski,Everton,31,0.11295294984664399
Rayan Aït-Nouri,Wolves,31,0.10501907361906072
Trevoh Chalobah,Crystal Palace,31,0.098288164391139
Chris Wood,Nott'm Forest,31,0.03987130545120177
Cody Gakpo,Liverpool,31,0.012552406554494935
Nélson Cabral Semedo,Wolves,31,0.009952696458383778
Ollie Scarles,West Ham,31,0.009906818888744328
Emerson Leite de Souza Junior,Spurs,31,0.009879612009427984
Virgil van Dijk,Liverpool,31,0.009862156793705184
Juan Larios López,Southampton,31,0.009854090410582885
Harvey Davies,Liverpool,31,0.009821701320945802
Marc Cucurella Saseta,Chelsea,31,0.009753596350176084
Michael Keane,Everton,31,0.009666524154414194
Asher Agbinone,Crystal Palace,31,0.009658638575127583
Harry Winks,Leicester,31,0.009649341996740083
Jahmai Simpson-Pusey,Man City,31,0.009618339627072014
Leny Yoro,Man Utd,31,0.009611864753996195
Manor Solomon,Spurs,31,0.009589731948171377
Rodrigo 'Rodri' Hernandez,Man City,31,0.009584197274265455
Kaine Kesler-Hayden,Aston Villa,31,0.009577681359955232
Alisson Ramses Becker,Liverpool,31,0.009565077621975502
Maldini Kacurri,Arsenal,31,0.009559798805878943
Pedro Lomba Neto,Chelsea,31,0.009472982869514502
Jorge Cuenca Barreno,Fulham,31,0.00945973979389699
Jonathan Panzo,Nott'm Forest,31,0.009447028127436167
Lucas Tolentino Coelho de Lima,West Ham,31,0.009440365300980856
Ibrahim Sangaré,Nott'm Forest,31,0.009433420507657433
Mads Roerslev Rasmussen,Brentford,31,0.0094032665797301
Jadon Sancho,Chelsea,31,0.00939491686023817
Dane Scarlett,Spurs,31,0.009386348609159859
Igor Thiago Nascimento Rodrigues,Brentford,31,0.009351492517725721
Max Aarons,Bournemouth,31,0.009341241023758008
Mateo Kovačić,Man City,31,0.009299480543911965
Leon Bailey,Aston Villa,31,0.00926671451202806
Cheick Doucouré,Crystal Palace,31,0.00924533575001789
Pablo Sarabia,Wolves,31,0.009232549936149232
João Cavaco Cancelo,Man City,31,0.009220667418765946
Darwin Núñez Ribeiro,Liverpool,31,0.009167051209154344
Ben Doak,Liverpool,31,0.00916051294761022
Yerson Mosquera,Wolves,31,0.00915920261648003
Noussair Mazraoui,Man Utd,31,0.009130563314931462
Carney Chukwuemeka,Chelsea,31,0.00911520743906726
Sepp van den Berg,Brentford,31,0.009107785382891384
Salah-Eddine Oulad M'hand,Arsenal,31,0.009068212811123437
Tyler Morton,Liverpool,31,0.009054455938592164
Ben Chilwell,Chelsea,31,0.009035256813067634
Joe Worrall,Nott'm Forest,31,0.008948031601525864
Adama Traoré,Fulham,31,0.008911210377490037
Craig Dawson,Wolves,31,0.008902005760920628
Jaidon Anthony,Bournemouth,31,0.008889715453965804
Jefferson Lerma Solís,Crystal Palace,31,0.008876658719737382
Stefan Bajčetić Maquieira,Liverpool,31,0.008845122516649003
Alex Scott,Bournemouth,31,0.008830245521524399
Álex Moreno Lopera,Nott'm Forest,31,0.008822559537582127
Guido Rodríguez,West Ham,31,0.008765027048090577
Enzo Fernández,Chelsea,31,0.008679062924941928
Myles Lewis-Skelly,Arsenal,31,0.008674127766630025
Kenny Tete,Fulham,31,0.008665678565176022
Bastien Meupiyou,Wolves,31,0.008651684603919541
Yasin Ayari,Brighton,31,0.008634680399628088
Ross Barkley,Aston Villa,31,0.008569960886403943
Norberto Murara Neto,Arsenal,31,0.008442433498517662
Joe Aribo,Southampton,31,0.008437153268678084
Rico Lewis,Man City,31,0.00841924021998868
Niclas Füllkrug,West Ham,31,0.008379454064242323
Benjamin White,Arsenal,31,0.008370326816187346
Giovani Lo Celso,Spurs,31,0.008318287924975331
Christian Nørgaard,Brentford,31,0.0082890595247597
Keane Lewis-Potter,Brentford,31,0.008287520235993493
Miguel Almirón Rejala,Newcastle,31,0.00827560933136942
Jannik Vestergaard,Leicester,31,0.008270523622204476
Mykhailo Mudryk,Chelsea,31,0.008250430115284717
Samuel Amissah,Fulham,31,0.008204119260817612
Kim Ji-soo,Brentford,31,0.008175910270516723
Chadi Riad Dnanou,Crystal Palace,31,0.008157846612516175
Calvin Bassey,Fulham,31,0.00814537830514501
Nathan Broadhead,Ipswich,31,0.008044125399777233
Jakub Moder,Brighton,31,0.008030767403390286
Christian Eriksen,Man Utd,31,0.00800770258791494
Lesley Ugochukwu,Southampton,31,0.008005099898436946
Jens Cajuste,Ipswich,31,0.008004254645010487
Alfie Gilchrist,Chelsea,31,0.007944666328026142
Emiliano Martínez Romero,Aston Villa,31,0.007918636730097213
Nayef Aguerd,West Ham,31,0.007897899024771763
Jamaldeen Jimoh,Aston Villa,31,0.007889695179406428
Francisco Jorge Tomás Oliveira,Wolves,31,0.007877203554507389
Ferdi Kadioglu,Brighton,31,0.007799895776468871
Mark O’Mahony,Brighton,31,0.007797609338503356
Manuel Ugarte,Man Utd,31,0.007788738087717772
Altay Bayindir,Man Utd,31,0.007753775157484601
Maxwel Cornet,Southampton,31,0.00773243714165135
Tosin Adarabioyo,Chelsea,31,0.00772747210678452
Santiago Bueno,Wolves,31,0.0077222720367536805
Lucas Bergström,Chelsea,31,0.007666106149093325
Gonçalo Manuel Ganchinho Guedes,Wolves,31,0.007603388446956584
Jake O'Brien,Everton,31,0.007599573015227656
Marcus Myers-Harness,Ipswich,31,0.0075644194852420975
Josh Nichols,Arsenal,31,0.007511571136104475
Ronnie Edwards,Southampton,31,0.007462126627654405
Andrew Omobamidele,Nott'm Forest,31,0.007355868565344684
Jack Grealish,Man City,31,0.007299023418107712
Cristian Romero,Spurs,31,0.007297291611436945
Robert Sánchez,Chelsea,31,0.007278660890269456
Jesurun Rak-Sakyi,Crystal Palace,31,0.00724820908236847
Filip Marschall,Aston Villa,31,0.007247648300525924
Tomáš Souček,West Ham,31,0.007236524116162589
John McGinn,Aston Villa,31,0.007189042339732764
Remi Matthews,Crystal Palace,31,0.0071679229900406035
Kacper Kozłowski,Brighton,31,0.007153067968544502
Kalvin Phillips,Ipswich,31,0.007085199640217874
Willy Boly,Nott'm Forest,31,0.007081878641580721
Ezri Konsa Ngoyo,Aston Villa,31,0.007007319669345204
Josh Bowler,Nott'm Forest,31,0.006986302573261749
Odeluga Offiah,Brighton,31,0.006976964240580677
Raúl Jiménez,Fulham,31,0.006954092031381981
Justin Kluivert,Bournemouth,31,0.006947629929971813
Fábio Freitas Gouveia Carvalho,Brentford,31,0.006935185339430742
Conor Chaplin,Ipswich,31,0.006906801260033265
Yves Bissouma,Spurs,31,0.006896041528976828
Joachim Andersen,Fulham,31,0.006871972722734156
Edson Álvarez Velázquez,West Ham,31,0.006786099759127006
Hwang Ui-jo,Nott'm Forest,31,0.0067741984157096684
Lewis O'Brien,Nott'm Forest,31,0.006718869401645714
Jacob Greaves,Ipswich,31,0.006704156376478235
Tom Cairney,Fulham,31,0.0066305299497749475
Jakub Kiwior,Arsenal,31,0.006607342412034487
Konstantinos Tsimikas,Liverpool,31,0.0065983366242766146
Chris Mepham,Bournemouth,31,0.006581522232254318
Jean-Philippe Mateta,Crystal Palace,31,0.0065707747481133245
Filip Jørgensen,Chelsea,31,0.006555594781606737
James Maddison,Spurs,31,0.006540634853739199
Stefan Ortega Moreno,Man City,31,0.006484101991078036
Luke Woolfenden,Ipswich,31,0.006460176136215743
Kamaldeen Sulemana,Southampton,31,0.006446426624661572
Marcus Bettinelli,Chelsea,31,0.006415549305857025
Tyler Adams,Bournemouth,31,0.006411905144643673
Jacob Wright,Man City,31,0.00636739636705482
Malcolm Ebiowei,Crystal Palace,31,0.006271422057172361
Taylor Harwood-Bellis,Southampton,31,0.006221655172896376
Kasey McAteer,Leicester,31,0.006202617505760783
Ibrahim Osman,Brighton,31,0.006188892858903406
Nick Pope,Newcastle,31,0.0061850898145574
Declan Rice,Arsenal,31,0.006145337087282451
Luke Shaw,Man Utd,31,0.006121860606285714
Massimo Luongo,Ipswich,31,0.006035098459437586
Saša Lukić,Fulham,31,0.005967424275415153
Jørgen Strand Larsen,Wolves,31,0.005922151704540872
Garang Kuol,Newcastle,31,0.005919453171361217
Sam Morsy,Ipswich,31,0.005910052216068865
Mads Hermansen,Leicester,31,0.005891819596221514
Nikola Milenković,Nott'm Forest,31,0.005883971491697148
Marc Guiu Paz,Chelsea,31,0.005821072437752291
Issa Diop,Fulham,31,0.005712198435924255
Marcos Senesi,Bournemouth,31,0.005687207275926693
James Bree,Southampton,31,0.0056732223803805885
Amario Cozier-Duberry,Brighton,31,0.005669103930111939
Josh Dasilva,Brentford,31,0.005648295084803525
Jay Stansfield,Fulham,31,0.0056401326468790754
Wes Okoduwa,Wolves,31,0.0056331124807657024
Sil Swinkels,Aston Villa,31,0.005594639611430436
Ayden Heaven,Arsenal,31,0.005562971782734181
Matt Turner,Crystal Palace,31,0.005541452087182149
Jack Fletcher,Man Utd,31,0.005510205375377256
Luke Thomas,Leicester,31,0.005474385639134034
Sugawara Yukinari,Southampton,31,0.005472404438795729
Mark Travers,Bournemouth,31,0.005383959726099948
Axel Disasi,Chelsea,31,0.005381648667845599
Jakub Stolarczyk,Leicester,31,0.005359478989276507
Antony Matheus dos Santos,Man Utd,31,0.005335639835787545
Jan Paul van Hecke,Brighton,31,0.005290618384581964
Sam Johnstone,Wolves,31,0.0052408228814129765
João Félix Sequeira,Chelsea,31,0.005231890496761281
Asmir Begovic,Everton,31,0.005229994755521503
Phil Foden,Man City,31,0.005189976217212846
James McConnell,Liverpool,31,0.005177671169378213
Joël Veltman,Brighton,31,0.005173788229296069
Billy Gilmour,Brighton,31,0.005154392636306678
Saša Kalajdžić,Wolves,31,0.005143760300394427
Cameron Burgess,Ipswich,31,0.005016251091268549
Harry Souttar,Leicester,31,0.005001142685479423
José Malheiro de Sá,Wolves,31,0.004965603372059339
Lewis Dunk,Brighton,31,0.004947633034564344
Richarlison de Andrade,Spurs,31,0.004932411124316985
James McAtee,Man City,31,0.004931700747254519
Andy Irving,West Ham,31,0.004918839412296145
Dean Henderson,Crystal Palace,31,0.004909015572467616
Jeremy Sarmiento Morante,Brighton,31,0.0049021611606776365
Caleb Wiley,Chelsea,31,0.004845547426758509
Rodrigo Muniz Carvalho,Fulham,31,0.004837018119508419
Vitaly Janelt,Brentford,31,0.004800868496328832
Ibrahima Konaté,Liverpool,31,0.004780148944932087
Kobbie Mainoo,Man Utd,31,0.0047761518747023324
Rodrigo Martins Gomes,Wolves,31,0.004757117504969212
Jean-Clair Todibo,West Ham,31,0.004723445964520992
Bart Verbruggen,Brighton,31,0.00472166043147736
Max Kinsey,Bournemouth,31,0.0046754626139771365
Tino Livramento,Newcastle,31,0.0045659303516880564
Georginio Rutter,Brighton,31,0.004564268051479728
Luke Harris,Fulham,31,0.0045532616970873074
Mason Holgate,Everton,31,0.004543017194918541
Kaelan Casey,West Ham,31,0.004535849884511721
Ashley Phillips,Spurs,31,0.004480562823746474
Roman Dixon,Everton,31,0.004469389428753327
Franco Umeh-Chibueze,Crystal Palace,31,0.004456691478113473
Kadan Young,Aston Villa,31,0.004447245735938559
Nathan Aké,Man City,31,0.004416493987800599
Paul Onuachu,Southampton,31,0.004334128299290941
Jamal Lewis,Newcastle,31,0.004309809772415985
Timothy Castagne,Fulham,31,0.004307731246750745
Andrew Moran,Brighton,31,0.004306658921243831
Destiny Udogie,Spurs,31,0.004273837744115938
Max Kilman,West Ham,31,0.004221365884962162
Pierre-Emile Højbjerg,Spurs,31,0.004189963462517109
Ben Davies,Spurs,31,0.004164240736034403
Elkan Baggott,Ipswich,31,0.0041502844500227
Carlos Soler,West Ham,31,0.004113139283928424
Julio Enciso,Brighton,31,0.004078846958336425
Omari Kellyman,Chelsea,31,0.004068078365026661
Sean Longstaff,Newcastle,31,0.00401066102856119
Kevin Mbabu,Fulham,31,0.003989370808929549
Toby Collyer,Man Utd,31,0.003916440567585682
Wesley Fofana,Chelsea,31,0.0039058309222585238
Pau Torres,Aston Villa,31,0.0038134102341183668
Hugo Bueno López,Wolves,31,0.003811726690833161
Victor Lindelöf,Man Utd,31,0.0037968697289079683
Callum Bates,Everton,31,0.0037811675399336015
Solly March,Brighton,31,0.003737664528280662
Emil Krafth,Newcastle,31,0.003713930575989432
Elliot Anderson,Nott'm Forest,31,0.003704338329551646
Jamaal Lascelles,Newcastle,31,0.003696667480205959
Matz Sels,Nott'm Forest,31,0.0036844614872370406
Armel Bella-Kotchap,Southampton,31,0.0036799942877746884
Mikel Merino,Arsenal,31,0.003613492941180003
Kieran Tierney,Arsenal,31,0.00359629381352293
Conor Coady,Leicester,31,0.003587385122633218
Kurt Zouma,West Ham,31,0.003585369633454776
Fábio Silva,Wolves,31,0.0035749612038720874
Alex Iwobi,Fulham,31,0.0035018529303954948
Ryan Trevitt,Brentford,31,0.003371885789706817
Max Alleyne,Man City,31,0.003351456715073071
Sandro Tonali,Newcastle,31,0.00333496281735181
Abdoulaye Doucouré,Everton,31,0.003297573169521846
Patson Daka,Leicester,31,0.003247571697845255
Diego Carlos Santos Silva,Aston Villa,31,0.0032472542152686343
Ashley Young,Everton,31,0.003229019931328578
Hákon Valdimarsson,Brentford,31,0.0031982241831348384
Nicolás Domínguez,Nott'm Forest,31,0.003189699993755483
Evan Ferguson,Brighton,31,0.003130123617031133
Nathan Patterson,Everton,31,0.003128192445720466
Harry Toffolo,Nott'm Forest,31,0.0030894362614274137
Harry Amass,Man Utd,31,0.0030607464502702547
Pascal Groß,Brighton,31,0.0030478364415043886
Sékou Mara,Southampton,31,0.003035863342000159
Callum Olusesi,Spurs,31,0.003034657781151551
Gabriel Fernando de Jesus,Arsenal,31,0.003024257758187517
Harrison Armstrong,Everton,31,0.002968184787925942
Diego Gómez,Brighton,31,0.0029489017832536324
Martin Sherif,Everton,31,0.0029119312914832225
Ilkay Gündogan,Man City,31,0.0029112746605067536
Daniel Iversen,Leicester,31,0.002904290516596783
Ali Al-Hamadi,Ipswich,31,0.0028701441041875594
Rob Holding,Crystal Palace,31,0.0028678221395641804
Eberechi Eze,Crystal Palace,31,0.002833063859422256
Omari Giraud-Hutchinson,Ipswich,31,0.0027754123549899416
Ben Brereton Díaz,Southampton,31,0.0027625661528957682
Tom Edozie,Wolves,31,0.0027307021353755317
Frank Onyeka,Brentford,31,0.0027259350514874884
Crysencio Summerville,West Ham,31,0.0027115234538609683
Lloyd Kelly,Newcastle,31,0.002693564138481923
Karl Hein,Arsenal,31,0.002633915566282676
Amad Diallo,Man Utd,31,0.002624066078200824
Bilal El Khannouss,Leicester,31,0.002553772431661017
Thomas Partey,Arsenal,31,0.00253681840116215
Ben Broggio,Aston Villa,31,0.002536217978954994
Jayce Fitzgerald,Man Utd,31,0.002525535211477768
Hamza Choudhury,Leicester,31,0.002445092845013066
Carl Rushworth,Brighton,31,0.0024215182360890347
Hamed Traorè,Bournemouth,31,0.002414659254544498
Aaron Ramsdale,Southampton,31,0.0024130312367776838
Myles Peart-Harris,Brentford,31,0.002376908455559863
Wes Burns,Ipswich,31,0.0022546498750074667
Samuel Iling-Junior,Aston Villa,31,0.0022307213937993106
George Edmundson,Ipswich,31,0.0020625966237596913
Archie Harris,Bournemouth,31,0.002052795891836134
Fraser Forster,Spurs,31,0.0020234670779647537
Min-Hyeok Yang,Spurs,31,0.0019891702341405353
Alfie Pond,Wolves,31,0.0019733609858341543
Henry Cartwright,Leicester,31,0.0019284876620031272
Kiernan Dewsbury-Hall,Chelsea,31,0.0018498561790774321
Harry Maguire,Man Utd,31,0.001849560083997925
Andrey Nascimento dos Santos,Chelsea,31,0.0018228181011588213
Archie Gray,Spurs,31,0.0018218253123205123
Danny Ward,Leicester,31,0.0018161687552223898
Caoimhin Kelleher,Liverpool,31,0.001813733293756831
William Osula,Newcastle,31,0.0018095225387058551
Arijanet Muric,Ipswich,31,0.0018066202805703414
Abdul Fatawu,Leicester,31,0.0017789517826375875
Joe Gauci,Aston Villa,31,0.0017436587126343113
Luke Cundle,Wolves,31,0.0017262799321969106
Yehor Yarmoliuk,Brentford,31,0.0016083725934914646
Ryan Gravenberch,Liverpool,31,0.0015950972073177933
Igor Julio dos Santos de Paulo,Brighton,31,0.0015771320156523494
Ryan Yates,Nott'm Forest,31,0.0015546737163730697
Tommy Setford,Arsenal,31,0.0014853706625943455
Odsonne Edouard,Leicester,31,0.0013747263996585386
Mateusz Lis,Southampton,31,0.0013612911632173152
Ethan Nwaneri,Arsenal,31,0.0013475802109808605
Joe Hodge,Wolves,31,0.0013025942682101336
Ivan Toney,Brentford,31,0.0012722999289409478
Danilo dos Santos de Oliveira,Nott'm Forest,31,0.0012470059851287102
Carlos Alcaraz Durán,Southampton,31,0.0012264811696482743
Kaden Rodney,Crystal Palace,31,0.0011908021861120818
Séamus Coleman,Everton,31,0.0011798020097857007
Robin Olsen,Aston Villa,31,0.0010904106493035016
Carlos Henrique Casimiro,Man Utd,31,0.0010753200169382367
Sander Berge,Fulham,31,0.0010723502504415769
Oscar Bobb,Man City,31,0.0010676932964902575
Christopher Nkunku,Chelsea,31,0.0010506982431864008
Adam Wharton,Crystal Palace,31,0.0010280884159587587
Orel Mangala,Everton,31,0.00098270433307681
Facundo Pellistri Rebollo,Man Utd,31,0.0009438086362163825
Carlos Miguel dos Santos Pereira,Nott'm Forest,31,0.0009243058561388493
Adam Lallana,Southampton,31,0.0009068355620443086
Lewis Dobbin,Aston Villa,31,0.0008780646727077398
Ben Mee,Brentford,31,0.0008205268830136832
Nico O'Reilly,Man City,31,0.0007738086412738803
Tommy Doyle,Wolves,31,0.0007631126345177246
Jason Steele,Brighton,31,0.0007618769816758134
Axel Tuanzebe,Ipswich,31,0.0007523107668156118
John Stones,Man City,31,0.000745397721060333
Josh Acheampong,Chelsea,31,0.0006929509733178182
Sven Botman,Newcastle,31,0.0006822012336033471
Bobby Clark,Liverpool,31,0.0006601835437622331
Jean-Ricner Bellegarde,Wolves,31,0.0005994574450026262
Gustavo Nunes Fernandes Gomes,Brentford,31,0.00047102710140397436
Eric da Silva Moreira,Nott'm Forest,31,0.0004566577508279164
Matt Targett,Newcastle,31,0.0004455342300042058
Adam Webster,Brighton,31,0.0003673673958616546
Mahmoud Dahoud,Brighton,31,0.00033810815988032095
Leon Chiwome,Wolves,31,0.0003368364821609935
Dominic Sadi,Bournemouth,31,0.0003106349546006665
Mateus Gonçalo Espanha Fernandes,Southampton,31,0.00027121684196645436
Alfie Dorrington,Spurs,31,0.00021379409383836222
Samuel Amo-Ameyaw,Southampton,31,0.00020861260537285986
Mason Mount,Man Utd,31,0.00016847325461111923
Erling Haaland,Man City,31,0.00015444631459901777
Deniz Undav,Brighton,31,0.00010791885624670226
Wes Foderingham,West Ham,31,4.11391968602251e-05
Emmanuel Dennis,Nott'm Forest,31,3.532384781565652e-05
Bernd Leno,Fulham,31,2.7026397352162765e-05
Idrissa Gueye,Everton,31,9.196899401257841e-06
Ramón Sosa,Nott'm Forest,31,5.391947073846853e-07
Moisés Caicedo Corozo,Chelsea,31,0.0
Mohammed Kudus,West Ham,31,0.0
Morgan Gibbs-White,Nott'm Forest,31,0.0
Norberto Bercique Gomes Betuncal,Everton,31,0.0
Moussa Diaby,Aston Villa,31,0.0
Murillo Santiago Costa dos Santos,Nott'm Forest,31,0.0
Naouirou Ahamada,Crystal Palace,31,0.0
Nathan Butler-Oyedeji,Arsenal,31,0.0
Nathan Wood-Gordon,Southampton,31,0.0
Nathaniel Clyne,Crystal Palace,31,0.0
Nathaniel Phillips,Liverpool,31,0.0
Neal Maupay,Everton,31,0.0
Noni Madueke,Chelsea,31,0.0
Nathan Fraser,Wolves,31,0.0
Aaron Cresswell,West Ham,31,0.0
Odysseas Vlachodimos,Newcastle,31,0.0
Taiwo Awoniyi,Nott'm Forest,31,0.0
Viljami Sinisalo,Aston Villa,31,0.0
Victor Kristiansen,Leicester,31,0.0
Valentín Barco,Brighton,31,0.0
Tyrone Mings,Aston Villa,31,0.0
Tyrique George,Chelsea,31,0.0
Tyrell Malacia,Man Utd,31,0.0
Tyler Dibling,Southampton,31,0.0
Treymaurice Nyoni,Liverpool,31,0.0
Toti António Gomes,Wolves,31,0.0
Tony Yogane,Brentford,31,0.0
Tomiyasu Takehiro,Arsenal,31,0.0
Tom King,Wolves,31,0.0
Tom Heaton,Man Utd,31,0.0
Tom Cannon,Leicester,31,0.0
Timo Werner,Spurs,31,0.0
Tim Ream,Fulham,31,0.0
Tim Iroegbunam,Everton,31,0.0
Thomas Wilson-Brown,Leicester,31,0.0
Tawanda Chirewa,Wolves,31,0.0
Vladimír Coufal,West Ham,31,0.0
Vítezslav Jaros,Liverpool,31,0.0
Wanya Marçal-Madivádua,Leicester,31,0.0
Wout Faes,Leicester,31,0.0
Đorđe Petrović,Chelsea,31,0.0
Ângelo Gabriel Borges Damaceno,Chelsea,31,0.0
Zach Marsh,Crystal Palace,31,0.0
Zach Abbott,Nott'm Forest,31,0.0
Yunus Emre Konak,Brentford,31,0.0
Youssef Ramalho Chermiti,Everton,31,0.0
Youri Tielemans,Aston Villa,31,0.0
Yankuba Minteh,Brighton,31,0.0
Wilson Odobert,Spurs,31,0.0
Wayne Hennessey,Nott'm Forest,31,0.0
William Saliba,Arsenal,31,0.0
Will Smallbone,Southampton,31,0.0
Will Lankshear,Spurs,31,0.0
Will Hughes,Crystal Palace,31,0.0
Will Dennis,Bournemouth,31,0.0
Will Alves,Leicester,31,0.0
Wilfred Ndidi,Leicester,31,0.0
Welington Damascena Santos,Southampton,31,0.0
Tariq Lamptey,Brighton,31,0.0
Steven Benda,Fulham,31,0.0
Ola Aina,Nott'm Forest,31,0.0
Stephy Mavididi,Leicester,31,0.0
Riccardo Calafiori,Arsenal,31,0.0
Ricardo Barbosa Pereira,Leicester,31,0.0
Rhys Williams,Liverpool,31,0.0
Renato Palma Veiga,Chelsea,31,0.0
Remy Rees-Dottin,Bournemouth,31,0.0
Reiss Nelson,Fulham,31,0.0
Reece James,Chelsea,31,0.0
Rasmus Højlund,Man Utd,31,0.0
Raheem Sterling,Arsenal,31,0.0
Radu Drăgușin,Spurs,31,0.0
Philip Billing,Bournemouth,31,0.0
Pervis Estupiñán,Brighton,31,0.0
Pedro Cardoso de Lima,Wolves,31,0.0
Paris Maghoma,Brentford,31,0.0
Pape Matar Sarr,Spurs,31,0.0
Omar Richards,Nott'm Forest,31,0.0
Oliwier Zych,Aston Villa,31,0.0
Oliver Skipp,Leicester,31,0.0
Oleksandr Zinchenko,Arsenal,31,0.0
Rico Henry,Brentford,31,0.0
Rodrigo Bentancur,Spurs,31,0.0
Romain Faivre,Bournemouth,31,0.0
Samuel Edozie,Southampton,31,0.0
Spike Brits,Man City,31,0.0
Son Heung-min,Spurs,31,0.0
Simon Adingra,Brighton,31,0.0
Shea Charles,Southampton,31,0.0
Sergio Reguilón,Spurs,31,0.0
Scott McTominay,Man Utd,31,0.0
Scott Carson,Man City,31,0.0
Samuel Rak-Sakyi,Chelsea,31,0.0
Mitoma Kaoru,Brighton,31,0.0
Romelu Lukaku Bolingoli,Chelsea,31,0.0
Rúben Gato Alves Dias,Man City,31,0.0
Ryan Sessegnon,Fulham,31,0.0
Ryan Manning,Southampton,31,0.0
Ryan Fraser,Southampton,31,0.0
Ryan Christie,Bournemouth,31,0.0
Ruairi McConville,Brighton,31,0.0
Ross Stewart,Southampton,31,0.0
Roméo Lavia,Chelsea,31,0.0
Sam Szmodics,Ipswich,31,0.0
Joshua Zirkzee,Man Utd,31,0.0
Miodrag Pivaš,Newcastle,31,0.0
Emerson Palmieri dos Santos,West Ham,31,0.0
Eddie Nketiah,Crystal Palace,31,0.0
Dwight McNeil,Everton,31,0.0
Dominik Szoboszlai,Liverpool,31,0.0
Dominic Calvert-Lewin,Everton,31,0.0
Djed Spence,Spurs,31,0.0
Divin Mubama,Man City,31,0.0
Deivid Washington de Souza Eugênio,Chelsea,31,0.0
David Raya Martin,Arsenal,31,0.0
David Ozoh,Crystal Palace,31,0.0
David Datro Fofana,Chelsea,31,0.0
David Brooks,Bournemouth,31,0.0
Dara O'Shea,Ipswich,31,0.0
Danny Welbeck,Brighton,31,0.0
Danny Ings,West Ham,31,0.0
Daniel Jebbison,Bournemouth,31,0.0
Daniel Castelo Podence,Wolves,31,0.0
Daniel Bentley,Wolves,31,0.0
Daniel Adu-Adjei,Bournemouth,31,0.0
Daichi Kamada,Crystal Palace,31,0.0
Corrie Ndaba,Ipswich,31,0.0
Conor Townsend,Ipswich,31,0.0
Conor Gallagher,Chelsea,31,0.0
Conor Bradley,Liverpool,31,0.0
Ederson Santana de Moraes,Man City,31,0.0
Emile Smith Rowe,Fulham,31,0.0
Harry Clarke,Ipswich,31,0.0
Emiliano Buendía Stati,Aston Villa,31,0.0
Hannibal Mejbri,Man Utd,31,0.0
Guglielmo Vicario,Spurs,31,0.0
Godwill Kukonki,Man Utd,31,0.0
George Hirst,Ipswich,31,0.0
George Earthy,West Ham,31,0.0
Gavin Bazunu,Southampton,31,0.0
Gabriel Martinelli Silva,Arsenal,31,0.0
Fábio Ferreira Vieira,Arsenal,31,0.0
Freddie Ladapo,Ipswich,31,0.0
Francisco Evanilson de Lima Barbosa,Bournemouth,31,0.0
Flynn Downes,Southampton,31,0.0
Felipe Rodrigues da Silva,Nott'm Forest,31,0.0
Federico Chiesa,Liverpool,31,0.0
Facundo Buonanotte,Leicester,31,0.0
Ezra Mayers,West Ham,31,0.0
Ethan Wheatley,Man Utd,31,0.0
Ethan Pinnock,Brentford,31,0.0
Ethan Brierley,Brentford,31,0.0
Enzo Barrenechea,Aston Villa,31,0.0
Enso González,Wolves,31,0.0
Enes Ünal,Bournemouth,31,0.0
Endo Wataru,Liverpool,31,0.0
Emmanuel Agbadou,Wolves,31,0.0
Cole Palmer,Chelsea,31,0.0
Cieran Slicker,Ipswich,31,0.0
Christian Walton,Ipswich,31,0.0
Chris Richards,Crystal Palace,31,0.0
Ben Nelson,Leicester,31,0.0
Ben Johnson,Ipswich,31,0.0
Ben Godfrey,Ipswich,31,0.0
Armando Broja,Everton,31,0.0
Antonín Kinsky,Spurs,31,0.0
André Trindade da Costa Neto,Wolves,31,0.0
André Onana,Man Utd,31,0.0
Andreas Hoelgebaum Pereira,Fulham,31,0.0
Amara Nallo,Liverpool,31,0.0
Amadou Onana,Aston Villa,31,0.0
Alphonse Areola,West Ham,31,0.0
Alfie Whiteman,Spurs,31,0.0
Alfie Devine,Spurs,31,0.0
Alexis Mac Allister,Liverpool,31,0.0
Alex Paulsen,Bournemouth,31,0.0
Alex Murphy,Newcastle,31,0.0
Alex Mighten,Nott'm Forest,31,0.0
Alex McCarthy,Southampton,31,0.0
Alejo Véliz,Spurs,31,0.0
Alejandro Garnacho,Man Utd,31,0.0
Adrian Mazilu,Brighton,31,0.0
Adam Smith,Bournemouth,31,0.0
Adam Armstrong,Southampton,31,0.0
Ben Winterburn,Bournemouth,31,0.0
Benicio Baker-Boaitey,Brighton,31,0.0
Benjamin Arthur,Brentford,31,0.0
Callum Hudson-Odoi,Nott'm Forest,31,0.0
Chiedozie Ogbene,Ipswich,31,0.0
Charlie Taylor,Southampton,31,0.0
Cesare Casadei,Chelsea,31,0.0
Carlos Vinícius Alves Morais,Fulham,31,0.0
Carlos Roberto Forbs Borges,Wolves,31,0.0
Carlos Baleba,Brighton,31,0.0
Cameron Peupion,Brighton,31,0.0
Cameron Humphreys,Ipswich,31,0.0
Cameron Archer,Southampton,31,0.0
Callum Wilson,Newcastle,31,0.0
Caleb Okoli,Leicester,31,0.0
Benoît Badiashile,Chelsea,31,0.0
Caleb Kporha,Crystal Palace,31,0.0
Bukayo Saka,Arsenal,31,0.0
Bryan Gil Salvatierra,Spurs,31,0.0
Brandon Austin,Spurs,31,0.0
Brajan Gruda,Brighton,31,0.0
Boubakary Soumaré,Leicester,31,0.0
Boubacar Traoré,Wolves,31,0.0
Boubacar Kamara,Aston Villa,31,0.0
Bobby De Cordova-Reid,Leicester,31,0.0
Bernardo Veiga de Carvalho e Silva,Man City,31,0.0
Harrison Reed,Fulham,31,0.0
Harvey Elliott,Liverpool,31,0.0
Mikey Moore,Spurs,31,0.0
Luis Guilherme Lira dos Santos,West Ham,31,0.0
Lucas Bergvall,Spurs,31,0.0
Luca Williams-Barnett,Spurs,31,0.0
Lisandro Martínez,Man Utd,31,0.0
Lino da Cruz Sousa,Aston Villa,31,0.0
Lewis Orford,West Ham,31,0.0
Lewis Miley,Newcastle,31,0.0
Lewis Cook,Bournemouth,31,0.0
Levi Colwill,Chelsea,31,0.0
Leif Davis,Ipswich,31,0.0
Leandro Trossard,Arsenal,31,0.0
Leander Dendoncker,Aston Villa,31,0.0
Lamare Bogarde,Aston Villa,31,0.0
Kyle Walker-Peters,Southampton,31,0.0
Kyle Walker,Man City,31,0.0
Kristoffer Ajer,Brentford,31,0.0
Kosta Nedeljković,Aston Villa,31,0.0
Kortney Hause,Aston Villa,31,0.0
Konstantinos Mavropanos,West Ham,31,0.0
Killian Cahill,Brighton,31,0.0
Kieran Trippier,Newcastle,31,0.0
Ki-Jana Hoever,Wolves,31,0.0
Kepa Arrizabalaga,Bournemouth,31,0.0
Kai Havertz,Arsenal,31,0.0
Luis Díaz,Liverpool,31,0.0
Luis Sinisterra,Bournemouth,31,0.0
Hwang Hee-chan,Wolves,31,0.0
Maeson King,Spurs,31,0.0
Micky van de Ven,Spurs,31,0.0
Michail Antonio,West Ham,31,0.0
Michael Golding,Leicester,31,0.0
Matty Cash,Aston Villa,31,0.0
Matthijs de Ligt,Man Utd,31,0.0
Matt O'Riley,Brighton,31,0.0
Matt Doherty,Wolves,31,0.0
Mats Wieffer,Brighton,31,0.0
Mathias Jorgensen,Brentford,31,0.0
Mathias Jensen,Brentford,31,0.0
Matheus Luiz Nunes,Man City,31,0.0
Matheus França de Oliveira,Crystal Palace,31,0.0
Matai Akinmboni,Bournemouth,31,0.0
Martin Ødegaard,Arsenal,31,0.0
Martin Dúbravka,Newcastle,31,0.0
Martial Godo,Fulham,31,0.0
Mark Flekken,Brentford,31,0.0
Mario Lemina,Wolves,31,0.0
Marcus Tavernier,Bournemouth,31,0.0
Manuel Akanji,Man City,31,0.0
Malo Gusto,Chelsea,31,0.0
Malang Sarr,Chelsea,31,0.0
Malachi Hardy,Spurs,31,0.0
Jérémy Doku,Man City,31,0.0
Justin Devenny,Crystal Palace,31,0.0
Julián Álvarez,Man City,31,0.0
Julián Araujo Zúñiga,Bournemouth,31,0.0
Jayden Danns,Liverpool,31,0.0
Jarrad Branthwaite,Everton,31,0.0
Jarell Quansah,Liverpool,31,0.0
Jan Bednarek,Southampton,31,0.0
James Ward-Prowse,Nott'm Forest,31,0.0
James Milner,Brighton,31,0.0
James Justin,Leicester,31,0.0
James Hill,Bournemouth,31,0.0
James Garner,Everton,31,0.0
Jaden Philogene,Aston Villa,31,0.0
Jacob Slater,Brighton,31,0.0
Jacob Ramsey,Aston Villa,31,0.0
Jack Taylor,Ipswich,31,0.0
Jack Stephens,Southampton,31,0.0
Jack Hinshelwood,Brighton,31,0.0
Jack Harrison,Everton,31,0.0
Jack Clarke,Ipswich,31,0.0
Issa Kaboré,Man City,31,0.0
Ismeal Kabia,Arsenal,31,0.0
Isaac Hayden,Newcastle,31,0.0
Imari Samuels,Brighton,31,0.0
Iliman Ndiaye,Everton,31,0.0
Ian Maatsen,Aston Villa,31,0.0
Jayden Meghoma,Brentford,31,0.0
Jeffrey Schlupp,Crystal Palace,31,0.0
Jenson Metcalfe,Everton,31,0.0
Jordan Pickford,Everton,31,0.0
Julio Soler,Bournemouth,31,0.0
Joško Gvardiol,Man City,31,0.0
João Victor Gomes da Silva,Wolves,31,0.0
João Pedro Ferreira Silva,Nott'm Forest,31,0.0
João Neves Virgínia,Everton,31,0.0
Aaron Hickey,Brentford,31,0.0
Josh Wilson-Esbrand,Man City,31,0.0
Josh King,Fulham,31,0.0
Joseph O'Brien-Whitmarsh,Southampton,31,0.0
Jorge Luiz Frello Filho,Arsenal,31,0.0
Jordan Ayew,Leicester,31,0.0
Jesper Lindstrøm,Everton,31,0.0
Jonny Evans,Man Utd,31,0.0
John Ruddy,Newcastle,31,0.0
Joelinton Cássio Apolinário de Lira,Newcastle,31,0.0
Joel Ward,Crystal Palace,31,0.0
Joe Willock,Newcastle,31,0.0
Joe White,Newcastle,31,0.0
Joe Lumley,Southampton,31,0.0
Joe Gomez,Liverpool,31,0.0
Joachim Kayi-Sanda,Southampton,31,0.0
Jhon Durán,Aston Villa,31,0.0
Łukasz Fabiański,West Ham,31,0.0
